{
  "BLEU": 0.7420382387882658,
  "BLEU_detail": "BLEU=0.742038, BP=0.999734, ratio=0.999734, geo_mean=0.742236, precisions=[0.916404, 0.795460, 0.691376, 0.602210]",
  "ROUGE_L": 0.9165077053214727
}