{
  "BLEU": 0.824843122364934,
  "BLEU_detail": "BLEU=0.824843, BP=1.000000, ratio=1.033380, geo_mean=0.824843, precisions=[0.935390, 0.859822, 0.790814, 0.727797]",
  "ROUGE_L": 0.954133514742288
}