{
  "BLEU": 0.3724296919042403,
  "BLEU_detail": "BLEU=0.372430, BP=0.912123, ratio=0.915767, geo_mean=0.408311, precisions=[0.772470, 0.502696, 0.329368, 0.217318]",
  "ROUGE_L": 0.7337346364424662
}