{
  "BLEU": 0.21699435358534175,
  "BLEU_detail": "BLEU=0.216994, BP=0.865500, ratio=0.873784, geo_mean=0.250716, precisions=[0.666814, 0.344894, 0.180789, 0.095030]",
  "ROUGE_L": 0.6137306107702399
}