{
  "BLEU": 0.6584107888168763,
  "BLEU_detail": "BLEU=0.658411, BP=0.956839, ratio=0.957744, geo_mean=0.688111, precisions=[0.912524, 0.754453, 0.625788, 0.520391]",
  "ROUGE_L": 0.8892529213361706
}