{
  "BLEU": 0.5776772910339054,
  "BLEU_detail": "BLEU=0.577677, BP=0.956839, ratio=0.957744, geo_mean=0.603735, precisions=[0.869077, 0.680098, 0.533941, 0.420982]",
  "ROUGE_L": 0.8465090217518438
}