system,beam_BLEU,beam_ROUGE_L,beam_BLEU_detail,greedy_BLEU,greedy_ROUGE_L,greedy_BLEU_detail,avg_BLEU,avg_ROUGE_L
iwslt_encdec,0.6584107888168763,0.8892529213361706,"BLEU=0.658411, BP=0.956839, ratio=0.957744, geo_mean=0.688111, precisions=[0.912524, 0.754453, 0.625788, 0.520391]",0.5776772910339054,0.8465090217518438,"BLEU=0.577677, BP=0.956839, ratio=0.957744, geo_mean=0.603735, precisions=[0.869077, 0.680098, 0.533941, 0.420982]",0.6180440399253908,0.8678809715440072
iwslt_encoderonly,0.3724296919042403,0.7337346364424662,"BLEU=0.372430, BP=0.912123, ratio=0.915767, geo_mean=0.408311, precisions=[0.772470, 0.502696, 0.329368, 0.217318]",0.21699435358534175,0.6137306107702399,"BLEU=0.216994, BP=0.865500, ratio=0.873784, geo_mean=0.250716, precisions=[0.666814, 0.344894, 0.180789, 0.095030]",0.294712022744791,0.673732623606353
iwslt_encdec_rel,0.824843122364934,0.954133514742288,"BLEU=0.824843, BP=1.000000, ratio=1.033380, geo_mean=0.824843, precisions=[0.935390, 0.859822, 0.790814, 0.727797]",0.7420382387882658,0.9165077053214727,"BLEU=0.742038, BP=0.999734, ratio=0.999734, geo_mean=0.742236, precisions=[0.916404, 0.795460, 0.691376, 0.602210]",0.7834406805765999,0.9353206100318804
